{
  "timestamp": 1750782838.44246,
  "test_duration": 0.0,
  "single_request_tests": {
    "/health": {
      "endpoint": "/health",
      "method": "GET",
      "iterations": 20,
      "success_count": 20,
      "error_count": 0,
      "success_rate": 1.0,
      "min_duration": 2.0171384811401367,
      "max_duration": 2.0635454654693604,
      "avg_duration": 2.043771541118622,
      "median_duration": 2.045000433921814,
      "std_duration": 0.013016467622757518,
      "p95_duration": 2.060387408733368,
      "p99_duration": 2.062913854122162,
      "durations": [
        2.045957326889038,
        2.041832447052002,
        2.0399603843688965,
        2.05133318901062,
        2.021818161010742,
        2.0332999229431152,
        2.0272629261016846,
        2.0171384811401367,
        2.038663625717163,
        2.0577352046966553,
        2.053248882293701,
        2.0463931560516357,
        2.0602211952209473,
        2.04451584815979,
        2.0575668811798096,
        2.0635454654693604,
        2.0353806018829346,
        2.0592947006225586,
        2.0347774028778076,
        2.045485019683838
      ]
    },
    "/api/health/db": {
      "endpoint": "/api/health/db",
      "method": "GET",
      "iterations": 20,
      "success_count": 20,
      "error_count": 0,
      "success_rate": 1.0,
      "min_duration": 2.021735668182373,
      "max_duration": 2.063234329223633,
      "avg_duration": 2.0463465452194214,
      "median_duration": 2.046864151954651,
      "std_duration": 0.013146800816435992,
      "p95_duration": 2.0631922006607057,
      "p99_duration": 2.0632259035110474,
      "durations": [
        2.048368215560913,
        2.06318998336792,
        2.0453600883483887,
        2.0628316402435303,
        2.0581114292144775,
        2.0624501705169678,
        2.0497817993164062,
        2.032560348510742,
        2.0570034980773926,
        2.037198305130005,
        2.063234329223633,
        2.021735668182373,
        2.0267446041107178,
        2.057081460952759,
        2.0396735668182373,
        2.034898519515991,
        2.0409929752349854,
        2.0533745288848877,
        2.0423104763031006,
        2.030029296875
      ]
    },
    "/auth/session": {
      "endpoint": "/auth/session",
      "method": "GET",
      "iterations": 20,
      "success_count": 20,
      "error_count": 0,
      "success_rate": 1.0,
      "min_duration": 2.018364191055298,
      "max_duration": 2.0658767223358154,
      "avg_duration": 2.0395116806030273,
      "median_duration": 2.0354385375976562,
      "std_duration": 0.01417224432775966,
      "p95_duration": 2.063901889324188,
      "p99_duration": 2.06548175573349,
      "durations": [
        2.023284912109375,
        2.0306849479675293,
        2.0333008766174316,
        2.0658767223358154,
        2.047250270843506,
        2.0345728397369385,
        2.035332679748535,
        2.0466668605804443,
        2.018364191055298,
        2.035871744155884,
        2.0355443954467773,
        2.063797950744629,
        2.053863763809204,
        2.0510106086730957,
        2.0627691745758057,
        2.0335869789123535,
        2.032007932662964,
        2.0255024433135986,
        2.0402729511260986,
        2.0206713676452637
      ]
    },
    "/api/projects": {
      "endpoint": "/api/projects",
      "method": "POST",
      "iterations": 10,
      "success_count": 10,
      "error_count": 0,
      "success_rate": 1.0,
      "min_duration": 2.0289103984832764,
      "max_duration": 2.076178550720215,
      "avg_duration": 2.0500478744506836,
      "median_duration": 2.0496095418930054,
      "std_duration": 0.01701366423252461,
      "p95_duration": 2.074015188217163,
      "p99_duration": 2.0757458782196045,
      "durations": [
        2.0588364601135254,
        2.0289103984832764,
        2.071371078491211,
        2.0316593647003174,
        2.0460727214813232,
        2.0394256114959717,
        2.0531463623046875,
        2.062500238418579,
        2.0323779582977295,
        2.076178550720215
      ]
    },
    "/api/voice/process": {
      "endpoint": "/api/voice/process",
      "method": "POST",
      "iterations": 10,
      "success_count": 10,
      "error_count": 0,
      "success_rate": 1.0,
      "min_duration": 2.0331380367279053,
      "max_duration": 2.070268392562866,
      "avg_duration": 2.046827530860901,
      "median_duration": 2.044424057006836,
      "std_duration": 0.013052535490070589,
      "p95_duration": 2.0688470363616944,
      "p99_duration": 2.0699841213226318,
      "durations": [
        2.051652431488037,
        2.0464351177215576,
        2.0356967449188232,
        2.070268392562866,
        2.036984443664551,
        2.0671098232269287,
        2.0359575748443604,
        2.0331380367279053,
        2.0424129962921143,
        2.0486197471618652
      ]
    },
    "/api/ai/generate": {
      "endpoint": "/api/ai/generate",
      "method": "POST",
      "iterations": 10,
      "success_count": 10,
      "error_count": 0,
      "success_rate": 1.0,
      "min_duration": 2.0310230255126953,
      "max_duration": 2.0485150814056396,
      "avg_duration": 2.0414268255233763,
      "median_duration": 2.0441256761550903,
      "std_duration": 0.006588872028492152,
      "p95_duration": 2.047995162010193,
      "p99_duration": 2.04841109752655,
      "durations": [
        2.0485150814056396,
        2.03841495513916,
        2.0310230255126953,
        2.0473597049713135,
        2.043276309967041,
        2.0367233753204346,
        2.0457146167755127,
        2.0313572883605957,
        2.0469088554382324,
        2.0449750423431396
      ]
    },
    "/api/deploy/start": {
      "endpoint": "/api/deploy/start",
      "method": "POST",
      "iterations": 10,
      "success_count": 10,
      "error_count": 0,
      "success_rate": 1.0,
      "min_duration": 2.030858278274536,
      "max_duration": 2.0615859031677246,
      "avg_duration": 2.0425878524780274,
      "median_duration": 2.038386344909668,
      "std_duration": 0.012507435695064333,
      "p95_duration": 2.0615064024925234,
      "p99_duration": 2.0615700030326845,
      "durations": [
        2.0308878421783447,
        2.0318098068237305,
        2.052250385284424,
        2.0483667850494385,
        2.04203462600708,
        2.034738063812256,
        2.030858278274536,
        2.031937599182129,
        2.0614092350006104,
        2.0615859031677246
      ]
    },
    "/api/cloudsql/test-connection": {
      "endpoint": "/api/cloudsql/test-connection",
      "method": "POST",
      "iterations": 10,
      "success_count": 0,
      "error_count": 10,
      "success_rate": 0.0,
      "min_duration": 2.014073133468628,
      "max_duration": 2.0645294189453125,
      "avg_duration": 2.0452897787094115,
      "median_duration": 2.0466424226760864,
      "std_duration": 0.014268828434145495,
      "p95_duration": 2.062075304985046,
      "p99_duration": 2.0640385961532592,
      "durations": [
        2.055009365081787,
        2.0645294189453125,
        2.040903091430664,
        2.044677734375,
        2.048607110977173,
        2.0590758323669434,
        2.040738105773926,
        2.0509445667266846,
        2.034339427947998,
        2.014073133468628
      ]
    },
    "/api/templates/blog": {
      "endpoint": "/api/templates/blog",
      "method": "POST",
      "iterations": 10,
      "success_count": 10,
      "error_count": 0,
      "success_rate": 1.0,
      "min_duration": 2.0248618125915527,
      "max_duration": 2.0612406730651855,
      "avg_duration": 2.0444779634475707,
      "median_duration": 2.0460822582244873,
      "std_duration": 0.012710092952414884,
      "p95_duration": 2.0605557441711424,
      "p99_duration": 2.061103687286377,